product_url,product_name,description,brand,price,currency,product_rating,color,availability,shipping,delivery,delivery_cost,warranty,warranty_policy,condition,image,latest_reviews
https://lino.lk/product/double-a-quality-a4-paper-80gsm-white-500-sheets/,Double A Quality A4 Paper 80gsm â€“ White (500 Sheets),"Double A Premium is a medium-high-grammage paper designed for printing premium professional documents such as reports or presentations. To achieve the very best render for this type of document, printers need premium-grade paper with the right weight and composition. Our product strikes the right balance, making it an excellent choice for high-standard printing.",Double A Quality,1400.00,Rs,,['white'],out of stock,True,2â€“5 Working Days,,False,,,https://lino.lk/wp-content/uploads/2020/12/double-a-quality-a4-paper-80gsm-white-500-sheets.jpg,[]
https://www.daraz.lk/products/avalon-photocopy-paper-80gsm-a4-bundle-500-sheets-i182255823.html,Avalon Photocopy Paper 80gsm (A4 Bundle) 500 sheets,"Paper for photocopy and everyday printing use.    High Speed Printing; guarantees exceptional results in Copier, Laser, Inkjet, and Fax   Brilliant Colours; bring colour images to life   Sharper Images; get super sharp colour images of photos, diagrams and charts    Description   Paper for photocopy and everyday printing use.   High Speed Printing; guarantees exceptional results in Copier, Laser, Inkjet, and Fax    Brilliant Colours; bring colour images to life    Sharper Images; get super sharp colour images of photos, diagrams and charts    Quick Ink Drying; low bleeding and superb colour density   Solid Black; sharper text and graphics with bolder blacks A4 80GSM AVALON PHOTOCOPY PAPER (500 SHEETS/SIZE:210 x 297mm) Paper for photocopy and everyday printing use.  Has been specially designed for trouble free use in all your office machines ISO APPROVAL This paper is produced in a plant awarded the ISO 9001 for Quality Management System, ISO 14001 for Environmental Management System, and ISO 9706 for permanency of paper. AVALON photocopy paper uses TRUTONE TECHNOLOGY to give superior printing results on pigment-based inkjet printers:Solid Black, Brilliant Colours,Quick Ink Drying and Sharp images. 80gsmA4 size",No Brand,3200,LKR,,['80gsm'],https://schema.org/InStock,,,,False,,,https://img.drz.lazcdn.com/static/lk/p/b00b2ac3166c93603355b934c1f1aedd.jpg_720x720q80.jpg_.webp,[]
https://www.daraz.lk/products/nk-a4-photocopy-paper-500-sheet-bundle-80gsm-i199567714.html,NK A4 Photocopy Paper 500 Sheet Bundle 80gsm,"Introducing the NK A4 Photocopy Paper 500 Sheet Bundle 80gsm, perfect for all your printing needs. This bundle includes 500 sheets of 100% recycled paper, making it an eco-friendly choice. With a thickness of 80gsm, this paper is sturdy and durable, ensuring that your prints come out looking crisp and clear. The NK brand is known for its high-quality products, and this photocopy paper is no exception. Ideal for use in offices, schools, and homes, this paper is versatile and can be used for a variety of printing needs. Get your hands on this reliable and sustainable photocopy paper today!",No Brand,2500,LKR,,['White'],https://schema.org/InStock,,,,False,,,https://img.drz.lazcdn.com/g/kf/S9139c1aaf7834e58b5f003ee87fb6331V.jpg_720x720q80.jpg_.webp,[]
https://www.daraz.lk/products/king-copy-photocopy-paper-80gsm-a4-bundle-500-sheets-i182256671.html,King copy Photocopy Paper 80gsm (A4 Bundle) 500 sheets,100% Quality is ensured. 100% Recyclable  Reliable brand  Durable products Produce your creative and academic work  Premium multi-purpose photocopy paper.,No Brand,2900,LKR,,['80gsm'],https://schema.org/InStock,,,,False,,,https://img.drz.lazcdn.com/static/lk/p/06e657ce9dfe50159033f68afa3c2aee.jpg_720x720q80.jpg,[]
https://www.daraz.lk/products/i-copier-premium-a4-paper-70gsm-white-500-sheets-i225878123.html,I Copier Premium A4 Paper 70gsm - White (500 Sheets),"Brand : I Copier Size: A4 70 gsm 100% Brand New density paper is great for quality printing and copying because it allows for printing and copying on both sides. Brighter white makes whatever you print or copy standout from the crowd smooth surface with low dust content reduces jams, sticking and curling of your paper while providing a quality finished result Sharper clarity for brilliant color and image reproduction Perfect for use at home, work and in the classroom. Excellent or all office machines, copiers, lasers and inkjet printers Quick dispatch and fast delivery island wide. Brand :- Icopier Item :- A4 PaperQuality :-  70GSMPages :- 500pgsUses:- B &amp; W Printouts, Colour printouts, Assignment, crafts",No Brand,2500,LKR,,['White'],https://schema.org/InStock,,,,False,,,https://img.drz.lazcdn.com/static/lk/p/ef04357f66d95b9ffe494cb8292deb25.jpg_720x720q80.jpg,[]
https://www.daraz.lk/products/avalon-80gsm-a4-paper-500-sheet-i154542697.html,Avalon 80GSM A4 Paper 500 Sheet,"Built with new twin wire technology. Compatible for all photocopy systems and hassle-free both side copying. Most offices and corporate prefer commercial use. Ideal for quality printing, photocopying, employment. Suitable for home, store, office printers with any speed and configuration.",No Brand,3450,LKR,,['White'],https://schema.org/InStock,,,,False,,,https://static-01.daraz.lk/p/a0b6b94a43d098887eb8ab22b11e8f93.jpg,[]
https://www.daraz.lk/products/icopier-premium-multipurpose-paper-a4-70g-photocopy-paper-70gsm-500-sheet-1ream-i152117958.html,Icopier Premium Multipurpose Paper  A4 70g Photocopy Paper 70GSM 500 Sheet / 1Ream,"Copier Paper by JKWhen it comes to stationery needs JK is the name which pops up in the head for photocopying sheets. In terms of the best study needs for educational purpose and office purpose, the A4 sheets have no match. These sheets are also compatible with all kinds of photocopying system.These sheets come with latest ColorLok technology. Faster drying, bolder blacks, vivid colours are the major feature of this sheets. Faster drying facilitates less smearing and faster handling time. Bolder blacks provide crisp sharp texts with improved contrast. Lastly, the vivid colours provide richer, brighter images and graphics.",No Brand,3199,LKR,,['White'],https://schema.org/InStock,,,,False,,,https://lk-live-21.slatic.net/kf/Saeab730a9925444392793b932235276fq.jpg,[]
https://www.amazon.com/Phomemo-Paper-White-Quick-Dry-Multipurpose-Compatible/dp/B0CR1MLKDV,"Phomemo A4 Thermal Paper-White Quick-Dry Printer Paper, Multipurpose A4 Thermal Paper Compatible for Phomemo M08F, M832, M833 Portable Thermal Printer, 8.27""x11.69""(210mm*297mm), 200 Sheets","Phomemo A4 white quick-dry Thermal Paper, 8.27""x11.69"" (210mm*297mm) width, black text, 200 sheets in box. Compatible with Phomemo M08F/M832/M833/M834 portable A4 printer. Storage for 10 years  Multi-compatibility- This A4 thermal paper compatible with Phomemo M832.M833,M834 portable A4 printer  Phomemo A4 thermal paper prints clearly and does not leave print marks, the writing will not become blurred or blackened, and there is a coating on the surface that allows the writing to dry quickly. It is also waterproof, oil-proof and abrasion-resistance  Widely Use- This A4 thermal paper you can use anywhere, schools, offices, outdoor work, business meetings and more. With thermal printing technology, no ink is needed, portable and convenient  Safe Printing- Phomemo printing paper is BPA free, which can be used safely by the elderly and children, environmentally friendly and pollution-free, strong adhesion and waterproof",Phomemo,27.99,$,4.8,['White'],In Stock,True,"Delivery Thursday, December 26",51.31,False,"For warranty information about this product, please click here",new,https://m.media-amazon.com/images/I/51ZFjGQwEwL.__AC_SX300_SY300_QL70_ML2_.jpg,"[{'reviewer': 'walkinggirl1234', 'rating': '5.0', 'comment': 'Works Great with my Thermal Printer Nice quality and a nice long â€œshelf lifeâ€ for printed docs. It works great with my thermal printer.'}, {'reviewer': 'Michelle', 'rating': '5.0', 'comment': 'Works like needed Works great in my portable printer.'}, {'reviewer': 'Elizabeth Nash', 'rating': '5.0', 'comment': ""Quality paper This is great paper for your thermal printer, if you're looking for paper for regular printing or only occasional printing.I like that it comes as single sheets, as I don't use my thermal printer often, yet want an end product that doesn't curl itself into a tube like you get with rolled paper, and that I don't have to deal with a stack of continuous feed paper. I can just pop a single sheet in the back, and I'm done! A bonus feature, that I really, really like, is the back of the sheets have a faint watermark letting you know that it's the 'wrong side to print on', as sometimes due to lighting, I can't always 'feel' or see which side is right. Win/win! 5 stars!""}, {'reviewer': 'Pandora Martinez', 'rating': '5.0', 'comment': 'Great refill pack I quickly breezed through my sample back of paper that came with my phomemo printer, so I ended up buying this. These are the exact same pages that came with the printer so the quality is just as good as what is to be expected.'}, {'reviewer': 'travis', 'rating': '5.0', 'comment': '. A reliable choice for all your thermal printing needs. It delivers crisp, clear prints every time and is compatible with a wide range of thermal printers. The paper is high-quality and durable, ensuring long-lasting legibility.'}, {'reviewer': 'Amazon Customer', 'rating': '5.0', 'comment': ""These work perfectly I have used these quite a few times and find them to work very well. I really like that they don't smear easily. I feel good about using them since they are BPA free.""}, {'reviewer': 'James FN', 'rating': '5.0', 'comment': 'Standard ISO 216 A4 size sheets. The bigger pack saves money per print. The only important thing to know is the thermal paper is top quality and compatible with any portable thermal printer that supports 8.3 x 11.7 inch page size. Will not deteriorate if properly stored.My Phomemo printer is reliable. Yes, thermal paper costs a little more but nothing compared to wasted inkjet cartridges and the frustration inkjets inevitably bring. The 200 sheet box is good value.'}, {'reviewer': 'Dinu', 'rating': '5.0', 'comment': ""If you need thermal paper, this is a solid choice. I recently tried Phomemo Thermal Paper, and it's made a big difference in my printing. It's A4 size, which fits most portable printers, so no compatibility worries. The paper quality is excellent - sharp prints without smudges or lines. It comes well-packaged to protect against moisture, and it stays in good condition if stored right. It's a bit pricier upfront than ink cartridges, but it saves money in the long run and is much more convenient. Overall, I'm really happy with it. Great for personal or professional use. If you need thermal paper, this is a solid choice.""}, {'reviewer': 'Amazon Customer', 'rating': '3.0', 'comment': 'the print is good, but... The print quality is nice. There is no smearing, or issues with it gliding through my thermal printer. The sheets are extra bright white which make for good contrast. I will say however that my only cons are that the sheets are thin, and each sheet also has ""This side not printing side"" printed on the back of each one.... Think i would prefer just a symbol, even if it were just their company logo... But I\'m nitpicking at that point.'}]"
https://www.amazon.com/Nuburi-Size-Printer-Paper-Sheets/dp/B0BRCN198C/ref=sr_1_6?dib=eyJ2IjoiMSJ9.Fupb2pj1I9ipTOWon3nh-zWysUdGcCAlY1OI5wvgipKD0FSJkSy6kZ44zritnd6VkExrXI2kpICVBfQPmylQW-McqtS2jn8-sU32l4Wj9sncuOl91ZmGOnuTTsTwdh9h6GvE0bJllBJ4yr0GWb3GYrRaTQzaFI6sFcQDEvaOTSBu0EhdGoHf_jH65C6YqsBn3DcHvXrxM_SlltKIkbCt7tweWYNO8406keD8ITuSczzItf1NpLiscJODNtXoSqhRXavg1ob36eEl16_5bVM8c2DXYZAtt0pmoxkuHIdmDssxsoXK_LetymhEXTSE4C1UF0IFkHPkqZfOxyA2B79-qkfRsjzj39zPdz7sDK7i7cYB1Bm-d5Ikv1Xz5EQUllufy6WCGxBNWDkyGzHAseT_RxQIIswJKbE7swEOxjYaGO7VG6VQTdipbnF4_lJZyTU8.mnzsD3pIEUFoIOkGZqOroh29JLChuvBtAODuxeWX-xk&dib_tag=se&keywords=a4+size+paper&qid=1734290983&sr=8-6,Nuburi - A4 Size Printer Paper - Great for Professional Documents - 80 gsm / 21lb (40 Sheets),"Nuburi Office Supply brand business paper. Nuburi's premium 80 GSM paper is ideal for work or play, home or office. It's a premium business paper you'd select for all your most important legal documents. It's ideal for items such as forms and direct mail. Its consistently smooth printing surface makes for impressive flyers and handouts that pop. Add a splash of color to your important printouts to make a lasting impression. Your satisfaction if guaranteed. Return if not 100% satisfied.",Nuburi Office Supply,7.45,$,4.7,White,In Stock,True,"Monday, December 30",44.22,False,Amazon.com Return PolicyAmazon.com Voluntary 30-Day Return Guarantee: You can return many items you have purchased within 30 days following delivery of the item to you. Our Voluntary 30-Day Return Guarantee does not affect your legal right of withdrawal in any way. You can find out more about the exceptions and conditions here.,new,https://m.media-amazon.com/images/I/61I-jOPcirL.__AC_SX300_SY300_QL70_ML2_.jpg,"[{'reviewer': 'Adicus Alexander', 'rating': '5.0', 'comment': ""It's paper, it does it's job and doesn't complain. I've primarily been using it to transfer designs so it can take a pretty solid beating.""}, {'reviewer': 'Young', 'rating': '5.0', 'comment': 'GoodðŸ‘ðŸ»'}, {'reviewer': 'CS', 'rating': '5.0', 'comment': 'When I searched for A4 size paper on Amazon, I wasnâ€™t aware that it would include letter size results as well, so Iâ€™m grateful that such good quality true A4 size from Nuburi was the diamond in the rough. 5 stars.'}, {'reviewer': 'Rob', 'rating': '4.0', 'comment': 'The clear plastic wrap for the paper is flimsy. Torn on one side.'}, {'reviewer': 'Marites E.', 'rating': '5.0', 'comment': 'Used for our cruise requirements for cruise to Japan. Cruise line required passengers to bring passport photocopy on A4 paper. Arrived quickly. Thank you very much.'}, {'reviewer': 'Francis Li', 'rating': '5.0', 'comment': 'good product'}]"
https://www.amazon.com/Paper-A4-Printer-Copier-Sheets/dp/B0CGWYPSGG/ref=sr_1_29?dib=eyJ2IjoiMSJ9.Fupb2pj1I9ipTOWon3nh-zWysUdGcCAlY1OI5wvgipKD0FSJkSy6kZ44zritnd6VkExrXI2kpICVBfQPmylQW-McqtS2jn8-sU32l4Wj9sncuOl91ZmGOnuTTsTwdh9h6GvE0bJllBJ4yr0GWb3GYrRaTQzaFI6sFcQDEvaOTSBu0EhdGoHf_jH65C6YqsBn3DcHvXrxM_SlltKIkbCt7tweWYNO8406keD8ITuSczzItf1NpLiscJODNtXoSqhRXavg1ob36eEl16_5bVM8c2DXYZAtt0pmoxkuHIdmDssxsoXK_LetymhEXTSE4C1UF0IFkHPkqZfOxyA2B79-qkfRsjzj39zPdz7sDK7i7cYB1Bm-d5Ikv1Xz5EQUllufy6WCGxBNWDkyGzHAseT_RxQIIswJKbE7swEOxjYaGO7VG6VQTdipbnF4_lJZyTU8.mnzsD3pIEUFoIOkGZqOroh29JLChuvBtAODuxeWX-xk&dib_tag=se&keywords=a4+size+paper&qid=1734290983&sr=8-29,Paper A4 White Printer Copier Fax Paper 100 Sheets,Printers and copy paper are perfect for daily use and various uses in the office and home. High quality paper ensures smooth printer throughput and reliable good print results.,Generic,10.99,$,5.0,['white'],Only 7 left in stock - order soon.,True,"Delivery Thursday, December 26. Order within 18 hrs 7 mins",42.29,False,Amazon.com Return PolicyAmazon.com Voluntary 30-Day Return Guarantee: You can return many items you have purchased within 30 days following delivery of the item to you. Our Voluntary 30-Day Return Guarantee does not affect your legal right of withdrawal in any way. You can find out more about the exceptions and conditions here.,new,https://m.media-amazon.com/images/I/51XoBr3IccL.__AC_SX300_SY300_QL70_ML2_.jpg,[]
https://www.daraz.lk/products/80-gsm-a4-paper-500-sheets-bundle-in-white-color-i196671991.html,80 GSM A4 Paper 500 Sheets Bundle in White Color,Color : White Item Weight  : 80 Grams  Paper Finish : Smooth Paper Size : 21 x 29.7 Cm Sheets : 500 80 GSM A4 Paper 500 Sheets Bundle in White Color,No Brand,1890,LKR,,['White'],https://schema.org/InStock,,,,False,,,https://img.drz.lazcdn.com/static/lk/p/598b9302fc8527a2397c6e54d0281fa2.jpg_720x720q80.jpg_.webp,[]
https://www.daraz.lk/products/photocopy-paper-70gsm-a4-bundle-100-sheets-pack-i173864125.html,Photocopy Paper 70Gsm A4 Bundle 100 Sheets Pack,100% brand new and high quality. 100% Recyclable High Durability Easy to use Perfect Gift for any ones High-quality photocopy paperA4 size with 70GSM thickness100 sheets eachPerfect for everyday office use,No Brand,1000,LKR,,['White'],https://schema.org/InStock,,,,False,,,https://static-01.daraz.lk/p/ad84727c10ecc1753c2d5bddf5112f48.jpg,[]
https://www.daraz.lk/products/mima-premium-a4-copy-paper-80-gsm-2500-sheets-in-a-box-500-x-5-packets-free-delivery-i195517244.html,MIMA PREMIUM A4 COPY PAPER 80 GSM - 2500 SHEETS IN A BOX (500 X 5 Packets) ** FREE DELIVERY **,"MIMA premium copy paper A4 80 GSM | 2,500 Sheets per Box | (500 X 5 Packets)** FREE DELIVERY ** MIMA premium copy is made with high-quality paper sourced from Indonesia. Its smooth finish makes it ideal for multiple applications from photocopy to double-sided printing.*Quick Drying*Sharp Contrast*Brilliant Color*Excellent runnability*Value for Money",No Brand,"10,000",LKR,,['W'],https://schema.org/InStock,True,,,False,,,https://img.drz.lazcdn.com/static/lk/p/7b15efb78df96522e0ad8d7afb7e1b51.jpg_720x720q80.jpg,[]
https://www.daraz.lk/products/a4-white-photocopy-paper-50-sheets-pack-75-gsm-i170816274.html,A4 White Photocopy Paper 50 Sheets Pack - 75 GSM,"pre {        white-space: pre-wrap;    }Step 1:- Product title: A4 White Photocopy Paper 50 Sheets Pack - 75 GSM- Number of sheets per ream: 50- Paper features: 100% Recycled Paper- Thickness (gsm): 75- Category path: Stationery & Craft>Paper Products>Copier PaperStep 2:- Additional keywords: Stationery, Recycled, Copier PaperStep 3:â€¢ A4 size with 75 GSM thickness for quality printing.â€¢ 100% recycled paper, eco-friendly and sustainable choice.â€¢ Each pack contains 50 sheets for your printing needs.â€¢ Ideal for stationery and copier paper use.â€¢ Fits into the Stationery & Craft>Paper Products category.Step 4:- N/AStep 5:- N/A",No Brand,320,LKR,,['White'],https://schema.org/InStock,,,,False,,,https://lk-live-21.slatic.net/kf/Sdebe8946ae79400dbbf20ff378d659ceR.jpg,[]
https://www.daraz.lk/products/jk-copiyer-a4-75gsm70gsm80gsm-100-sheats-paper-pack-i127073308.html,"JK copiyer A4 75GSM,70GSM,80GSM 100 sheats paper pack","Versatile Paper Selection: The JK Copier A4 Paper Pack offers options in 75GSM, 70GSM, and 80GSM, catering to various printing needs and preferences. Generous Sheet Count: Each pack includes 100 sheets, ensuring an ample supply for your printing requirements, whether for work, school, or creative projects. Premium Quality: Crafted with precision, this paper guarantees a smooth printing experience, producing sharp and clear documents with every use. Universal Compatibility: Suitable for a range of printers, copiers, and fax machines, providing a versatile and reliable solution for everyday printing tasks. Introducing the JK Copier A4 Paper Pack, a versatile solution for all your printing needs. With options available in 75GSM, 70GSM, and 80GSM, this pack provides flexibility to suit various printing requirements. Each pack contains 100 sheets, ensuring an abundant supply for your printing tasks, be it for work, school, or creative projects. Crafted with precision, this paper guarantees a seamless printing experience, producing sharp and clear documents every time. Compatible with a range of printers, copiers, and fax machines, the JK Copier A4 Paper Pack offers exceptional value for money, making it an ideal choice for businesses, students, and home offices alike. Upgrade your printing experience with the reliability and quality of JK Copier A4 paper.",No Brand,3000,LKR,,"['A4 70 GSM 100 sheats', '75 GSM 100 sheat A4', 'A4 70 gsm', 'A4 80 GSM 100 sheats']",https://schema.org/InStock,,,,False,,,https://img.drz.lazcdn.com/static/lk/p/70b4fe30f0c94fcba44d83f942ab4cdb.jpg_720x720q80.jpg_.webp,[]
https://www.daraz.lk/products/promate-photocopy-paper-70gsm-a4-100-sheets-pack-i126127117.html,ProMate Photocopy Paper 70GSM A4 100 Sheets Pack,100% Quality is ensured. 100% Recyclable  Reliable brand  Durable products Produce your creative and academic work      100% Quality is ensured.100% RecyclableÂ Reliable brandÂ Durable productsProduce your creative and academic work,Promate,780,LKR,,['Not Specified'],https://schema.org/InStock,,,,False,,,https://img.drz.lazcdn.com/static/lk/p/c6aafedba24e203e85973135949e229a.png_720x720q80.png,[]
https://www.daraz.lk/products/colour-a4-paper-80gsm-100-sheats-pack-i166668224.html,Colour A4 Paper 80GSM 100 Sheats Pack,à¶´à·à¶§ 10 à¶šà·’à¶±à·Š A4 à¶šà·œà¶½ 100 à¶šà·Š à¶…à¶©à¶‚à¶œà·”  à¶´à·à¶šà¶§à·Šà¶§à·”à·€à¶šà·Š à¶…à¶©à·”à¶¸ à¶¸à·’à¶½à¶§.à¶­à·œà¶œ à¶…à·€à·ƒà¶±à·Š à·€à¶± à¶­à·”à¶»à·” à¶´à¶¸à¶«à¶ºà·’.à¶¯à·à¶±à·Šà¶¸ à¶¸à·’à¶½à¶¯à·“ à¶œà¶±à·Šà¶±.10 ColoursA4 Paper 80GSMHigh quality 100 Sheats,No Brand,6000,LKR,,['Multicolor'],https://schema.org/InStock,,,,False,,,https://img.drz.lazcdn.com/static/lk/p/5d6f6013ca36f85ac770a283db5d8df1.jpg_720x720q80.jpg,[]
https://www.daraz.lk/products/a4-white-photocopy-paper-100-sheets-pack-75-gsm-i170812591.html,A4 White Photocopy Paper 100 Sheets Pack - 75 GSM,"â€¢ A4 size photocopy paper with 100 sheets per pack.â€¢ 75 GSM thickness for high-quality printing.â€¢ Made from 100% recycled paper for eco-friendliness.â€¢ Suitable for copiers, laser and inkjet printers.â€¢ Category: Stationery & Craft>Paper Products>Copier Paper. This A4 White Photocopy Paper 100 Sheets Pack is perfect for all your printing needs. With a thickness of 75 GSM, it provides a high-quality printing experience. The paper is made from 100% recycled material, making it an eco-friendly choice. Each ream contains 100 sheets, ensuring that you have enough paper for all your printing needs. This paper is ideal for use in copiers, printers, and fax machines. The pack is easy to store and transport, making it perfect for use in the office or at home.",No Brand,700,LKR,,['White'],https://schema.org/InStock,,,,False,,,https://img.drz.lazcdn.com/static/lk/p/fe419b06cae8125a3e7fef2993bce8e0.jpg_720x720q80.jpg_.webp,[]
https://lino.lk/product/double-a-a4-paper-80gsm-white-500-sheets/,Double A A4 Paper 80gsm â€“ White (500 Sheets),"Double A Premium is a medium-high-grammage paper designed for printing premium professional documents such as reports or presentations. To achieve the very best render for this type of document, printers need premium-grade paper with the right weight and composition. Our product strikes the right balance, making it an excellent choice for high-standard printing.",Double A,2600.00,Rs,,['white'],InStock,True,2 â€“ 5 Working Days,,False,,,https://lino.lk/wp-content/uploads/2020/12/Double-A-Paper.jpg,[]
https://www.daraz.lk/products/jk-paper-copier-paper-a4-500-sheets-80-gsm-i202958846.html,"JK Paper Copier Paper - A4, 500 Sheets, 80 GSM","Premium Quality: Crafted with precision, JK Paper Copier guaranteessuperior quality printing for all your documents.Versatile Compatibility: Designed forcompatibility with a wide range of printers, ensuring hassle-free printing athome or in the office.Ample Supply: Each pack contains 500 sheets of A4-sized paper,providing an abundant stock for your printing needs.Crisp and Clear: Enjoy exceptional clarity and crispness in your printedmaterials, thanks to the 80 GSM weight of JK Paper Copier.Reliable Performance: Minimize paper jams and printingerrors with the reliable performance of JK Paper Copier, ensuring smoothoperation every time.Environmentally Friendly: Produced usingenvironmentally sustainable practices, JK Paper Copier promotes eco-consciousprinting without sacrificing quality.Ideal for Everyday Use: Perfect for printingreports, presentations, school assignments, and more, JK Paper Copier deliversconsistent results for all your daily printing tasks. Upgrade your printing experience with JK Paper Copier, the perfect solution for all your printing needs. Our A4-sized paper ensures compatibility with a wide range of printers, making it ideal for both home and office use. With 500 high-quality sheets per pack, you'll have an ample supply to tackle any printing task efficiently.Crafted with precision, our 80 GSM paper offers exceptional clarity and crispness, ensuring professional-looking documents every time. Whether you're printing reports, presentations, or everyday documents, JK Paper Copier delivers consistent results that exceed expectations.Experience smooth printing with minimal paper jams, thanks to the superior quality and reliability of JK Paper Copier. Plus, our environmentally friendly production process ensures sustainability without compromising on performance.Choose JK Paper Copier for reliability, quality, and versatility in all your printing endeavors. Elevate your printing experience with JK Paper Copier today.",No Brand,12500,LKR,,"['5', '1']",https://schema.org/InStock,,,,False,,,https://img.drz.lazcdn.com/static/lk/p/3bed57808146e601136a29f1aa4055b4.jpg_720x720q80.jpg_.webp,[]
https://www.daraz.lk/products/mima-premium-a4-copy-paper-70-gsm-2500-sheets-in-a-pack-500-x-5-packet-free-delivery-i203182770.html,MIMA PREMIUM A4 COPY PAPER 70 GSM - 2500 SHEETS IN A PACK (500 X 5 Packet) (FREE DELIVERY ),MIMA premium copy paper A4 70 GSM | 2500 Sheets in a pack | (500 X 5 Packet)** FREE DELIVERY ** MIMA premium copy is made with high-quality paper sourced from Indonesia. Its smooth finish makes it ideal for multiple applications from photocopy to double-sided printing.*Quick Drying*Sharp Contrast*Brilliant Color*Excellent runnability*Value for Money*Perfect for high quality office printing and copying*Super white/high bright*Laser and color prints,No Brand,7500,LKR,,['White'],https://schema.org/InStock,True,,,False,,,https://static-01.daraz.lk/p/7b15efb78df96522e0ad8d7afb7e1b51.jpg,[]
https://www.daraz.lk/products/promate-photocopy-paper-a4-70gsm-box-2500-sheets-500-x-5-pack-i163175113.html,"ProMate Photocopy Paper A4 70GSM Box | 2,500 Sheets [ 500 X 5 Pack ]","High-quality photocopy paper A4 size with 70GSM thickness Comes in a box with 2,500 sheets  5 packs of 500 sheets each Perfect for everyday office use Introducing ProMate Photocopy Paper A4 70GSM Box - the ideal choice for all your printing needs. This package includes a total of 2,500 sheets, conveniently organized in 5 packs of 500 sheets each. Our A4-sized, 70GSM paper ensures sharp, high-quality prints, making it perfect for both professional documents and everyday use. Experience smooth feeding and reliable performance with ProMate Photocopy Paper, offering exceptional value for your printing demands.",Promate,17500,LKR,,['White'],https://schema.org/InStock,,,,False,,,https://static-01.daraz.lk/p/01bedd023152a7da4f11e67520aab4f6.png,[]
https://www.daraz.lk/products/a4-80gsm-photocopy-paper-100-sheet-retail-pack-i153437367.html,A4 80Gsm Photocopy paper 100 sheet retail pack,Brand : Promate or ik Photocopy Paper Dust free Peo white Thickness (gsm) : 80 Carton : Ream Paper Features : 100% Recycled Paper Number of Sheets per Ream : 100 Brand : Promate or ik Photocopy Paper Dust free Peo white Thickness (gsm) : 80 Carton : Ream Paper Features : 100% Recycled Paper Number of Sheets per Ream : 100,No Brand,650,LKR,,['White'],https://schema.org/InStock,,,,False,,,https://img.drz.lazcdn.com/static/lk/p/f92905ab4f66ebac889994c80ab279de.jpg_720x720q80.jpg_.webp,[]
https://www.daraz.lk/products/richard-rt-premium-copy-paper-a4-80gsm-500-sheets-5-packs-i192591036.html,Richard RT Premium Copy Paper A4 80gsm (500 Sheets) - 5 Packs,"Brand - Richard Easy to use Durable High Quality Long lasting Experience the Richard brand â€“ synonymous with effortless usability, unwavering durability, and unparalleled quality. Our products are meticulously designed to ensure ease of use while maintaining a high standard of durability that guarantees long-lasting performance. With a commitment to excellence, Richard brings you products that stand the test of time, embodying the essence of quality and longevity.",Richard,7665,LKR,,['Not Specified'],https://schema.org/InStock,,,,False,,,https://static-01.daraz.lk/p/eb4673e822494415cc4f6498162e713e.jpg,[]
https://www.daraz.lk/products/copy-a-a4-white-sheet-bundle-70-gsm-500-sheets-i158643678.html,Copy A A4 White Sheet Bundle 70 GSM - 500 Sheets,"Brand : A Copy Size - A4 70 gsm 100% Brand New density paper is great for quality printing and copying allows for printing and copying on both sides. Brighter white makes whatever you print or copy standout from the crowd Smooth surface with low dust content reduces jams, sticking and curling of your paper while provide a quality finished result Sharper clarity for brilliant color and image reproduction Perfect for use at home, work and in the classroom. Excellent or all office machines, copiers, laser, Fax Machine and inkjet printers Quick dispatch and fast delivery island wide.",No Brand,2850,LKR,,['White'],https://schema.org/InStock,,,,False,,,https://img.drz.lazcdn.com/static/lk/p/205e21383b33e7d8cd63106e91add6d7.png_720x720q80.png,[]
https://www.daraz.lk/products/promate-photocopy-paper-70gsm-a4-bundle-500-sheets-i106198846.html,ProMate Photocopy Paper 70gsm (A4 Bundle) 500 sheets,"High-quality photocopy paper 70gsm weight for crisp and clear prints A4 size for versatile use 500 sheets per bundle for convenience and cost-effectiveness Compatible with most photocopy machines and printers Introducing our proMate Photocopy Paper 70gsm A4 Bundle, featuring 500 high-quality sheets. This versatile, lightweight paper is ideal for all your copying needs. With a crisp white finish, it ensures clear and sharp prints, making it perfect for documents, reports, and presentations. Each sheet is 70gsm, offering a perfect balance between durability and flexibility. Whether you're a student, professional, or a busy office, this bundle will keep you well-stocked and ready to tackle your printing tasks with ease.",Promate,3500,LKR,,['WHITE'],https://schema.org/InStock,,,,False,,,https://static-01.daraz.lk/p/f8690eeb7d9aafa44576f64d815cab15.png,[]
https://www.deells.lk/product/eco-print-a4-80gsm-paper-bundle/,Eco Print A4 80GSM Paper Bundle,Buy Eco Print A4 80GSM Paper Bundle online at Deells.lk SriLanka with 100% Genuine Product âœ“ Fastest Delivery all over SriLanka.,,2650.00,LKR,,,In stock,True,,,False,,NewCondition,https://i0.wp.com/www.deells.lk/wp-content/uploads/2020/11/eco-print-a4-80gsm-paper-bundle.png,[]
https://www.daraz.lk/products/a4-paper-bundle-white-500-sheets-i193617496.html,A4 Paper Bundle - White (500 sheets),"The Smart Copy A4 Paper size is 210mm x 297mm with a white color High Quality paper 80 gsm Product of Thailand High Quality Multi-Purpose Paper;Suitable for black & white and color usageIdeal for everyday copying, printing, faxing and general Office useMade from sustainably managed farmed TreesProduct ;Â Copy Paper 80 gsmSize ;Â A4 (210 x 297 mm.)Quantity ; 500 sheetsÂ For best results: Keep wrapped until ready for use. Store in cool and dry areaManufactured by : Double A (1991) Public Co.,Ltd 1 Moo 2, Tha Toom, Amphur Sri Maha Phote, Prachinburi 25140, THAILANDÂ Packed by ; APC Middle East FZE Jabel Ali, Dubai, UAE For Double A (1991) Public Co., Ltd",No Brand,2850,LKR,,['White'],https://schema.org/InStock,,,,False,,,https://img.drz.lazcdn.com/static/lk/p/958f1c4fdb1f5f77cd5ef737736654ff.jpg_720x720q80.jpg_.webp,[]
https://www.daraz.lk/products/a4-70gsm-500-sheets-bundle-i140962569.html,A4 70gsm 500 Sheets Bundle,No Brand 70GSM  Best Quality  500papers per bundle White Island wide delivery  No Brand70GSMÂ Best QualityÂ 500papers per bundleWhiteIsland wide delivery,No Brand,2650,LKR,,['White'],https://schema.org/InStock,True,,,False,,,https://lk-live-21.slatic.net/kf/S133fba7690ed4f408e540edb21ff5687w.jpg,[]
https://www.daraz.lk/products/copy-a-a4-white-sheet-bundle-70-gsm-500-sheets-i158643678.html,Copy A A4 White Sheet Bundle 70 GSM - 500 Sheets,"Brand : A Copy Size - A4 70 gsm 100% Brand New density paper is great for quality printing and copying allows for printing and copying on both sides. Brighter white makes whatever you print or copy standout from the crowd Smooth surface with low dust content reduces jams, sticking and curling of your paper while provide a quality finished result Sharper clarity for brilliant color and image reproduction Perfect for use at home, work and in the classroom. Excellent or all office machines, copiers, laser, Fax Machine and inkjet printers Quick dispatch and fast delivery island wide.",No Brand,2850,LKR,,['White'],https://schema.org/InStock,,,,False,,,https://img.drz.lazcdn.com/static/lk/p/205e21383b33e7d8cd63106e91add6d7.png_720x720q80.png_.webp,[]
https://www.daraz.lk/products/80-gsm-a4-paper-500-sheets-bundle-in-white-color-i196671991.html,80 GSM A4 Paper 500 Sheets Bundle in White Color,Color : White Item Weight  : 80 Grams  Paper Finish : Smooth Paper Size : 21 x 29.7 Cm Sheets : 500 80 GSM A4 Paper 500 Sheets Bundle in White Color,No Brand,1890,LKR,,['White'],https://schema.org/InStock,,,,False,,,https://img.drz.lazcdn.com/static/lk/p/598b9302fc8527a2397c6e54d0281fa2.jpg_720x720q80.jpg_.webp,[]
